"Local","species","country","locality","Estado","decimalLongitude","decimalLatitude","species.in.base","taxonomicStatus","species_id","collectionCode","catalogNumber","recordNumber","recordedBy","year","stateProvince","county","municipality","family","identifiedBy","dateIdentified","typeStatus","scientificName","scientificNameAuthorship","institutionCode"
"AtlAR001","Araucaria angustifolia","Argentina","Parque Cruce Caballero, bosque de araucária","Misiones",-53.985,-26.5192,"Araucaria angustifolia","NOME_ACEITO","Araucaria angustifolia","NT",NA,NA,"NT",2018,"Misiones",NA,NA,NA,NA,NA,NA,"Araucaria angustifolia",NA,"NeotropicTree"
"AtlAR016","Araucaria angustifolia","Argentina","Bernardo de Irigoyen, bosque semi-decíduo","Misiones",-53.95,-26.2078,"Araucaria angustifolia","NOME_ACEITO","Araucaria angustifolia","NT",NA,NA,"NT",2018,"Misiones",NA,NA,NA,NA,NA,NA,"Araucaria angustifolia",NA,"NeotropicTree"
"AtlMG071","Araucaria angustifolia","Brasil","Pico do Itacolomi, nanofloresta nebular","Minas Gerais",-43.4725,-20.4325,"Araucaria angustifolia","NOME_ACEITO","Araucaria angustifolia","NT",NA,NA,"NT",2018,"Minas Gerais",NA,NA,NA,NA,NA,NA,"Araucaria angustifolia",NA,"NeotropicTree"
"AtlMG072","Araucaria angustifolia","Brasil","Alto Caparaó, Macieira, nanofloresta nebular","Minas Gerais",-41.8328,-20.4797,"Araucaria angustifolia","NOME_ACEITO","Araucaria angustifolia","NT",NA,NA,"NT",2018,"Minas Gerais",NA,NA,NA,NA,NA,NA,"Araucaria angustifolia",NA,"NeotropicTree"
"AtlMG170","Araucaria angustifolia","Brasil","Bocaina de Minas, floresta nebular","Minas Gerais",-44.54,-22.2167,"Araucaria angustifolia","NOME_ACEITO","Araucaria angustifolia","NT",NA,NA,"NT",2018,"Minas Gerais",NA,NA,NA,NA,NA,NA,"Araucaria angustifolia",NA,"NeotropicTree"
"AtlMG171","Araucaria angustifolia","Brasil","Wenceslau Brás, floresta nebular","Minas Gerais",-45.3575,-22.5439,"Araucaria angustifolia","NOME_ACEITO","Araucaria angustifolia","NT",NA,NA,"NT",2018,"Minas Gerais",NA,NA,NA,NA,NA,NA,"Araucaria angustifolia",NA,"NeotropicTree"
"AtlMG172","Araucaria angustifolia","Brasil","Ibitipoca, Mata Grande, floresta nebular","Minas Gerais",-43.8853,-21.7081,"Araucaria angustifolia","NOME_ACEITO","Araucaria angustifolia","NT",NA,NA,"NT",2018,"Minas Gerais",NA,NA,NA,NA,NA,NA,"Araucaria angustifolia",NA,"NeotropicTree"
"AtlMG173","Araucaria angustifolia","Brasil","Poços de Caldas, floresta nebular","Minas Gerais",-46.5564,-21.7725,"Araucaria angustifolia","NOME_ACEITO","Araucaria angustifolia","NT",NA,NA,"NT",2018,"Minas Gerais",NA,NA,NA,NA,NA,NA,"Araucaria angustifolia",NA,"NeotropicTree"
"AtlMG174","Araucaria angustifolia","Brasil","Serra Negra, Ninho da Égua, floresta nebular","Minas Gerais",-43.89,-21.9689,"Araucaria angustifolia","NOME_ACEITO","Araucaria angustifolia","NT",NA,NA,"NT",2018,"Minas Gerais",NA,NA,NA,NA,NA,NA,"Araucaria angustifolia",NA,"NeotropicTree"
"AtlMG175","Araucaria angustifolia","Brasil","Aiuruoca, Vale do Matutu, floresta nebular","Minas Gerais",-44.655,-22.0847,"Araucaria angustifolia","NOME_ACEITO","Araucaria angustifolia","NT",NA,NA,"NT",2018,"Minas Gerais",NA,NA,NA,NA,NA,NA,"Araucaria angustifolia",NA,"NeotropicTree"
"AtlMG177","Araucaria angustifolia","Brasil","Itamonte, floresta nebular baixo-montana","Minas Gerais",-44.8197,-22.3608,"Araucaria angustifolia","NOME_ACEITO","Araucaria angustifolia","NT",NA,NA,"NT",2018,"Minas Gerais",NA,NA,NA,NA,NA,NA,"Araucaria angustifolia",NA,"NeotropicTree"
"AtlMG179","Araucaria angustifolia","Brasil","Gonçalves, floresta nebular","Minas Gerais",-45.9008,-22.7469,"Araucaria angustifolia","NOME_ACEITO","Araucaria angustifolia","NT",NA,NA,"NT",2018,"Minas Gerais",NA,NA,NA,NA,NA,NA,"Araucaria angustifolia",NA,"NeotropicTree"
"AtlMG180","Araucaria angustifolia","Brasil","Extrema, floresta nebular","Minas Gerais",-46.3483,-22.8958,"Araucaria angustifolia","NOME_ACEITO","Araucaria angustifolia","NT",NA,NA,"NT",2018,"Minas Gerais",NA,NA,NA,NA,NA,NA,"Araucaria angustifolia",NA,"NeotropicTree"
"AtlMG186","Araucaria angustifolia","Brasil","Caldas, Pedra Branca, nanofloresta rupícola","Minas Gerais",-46.3697,-21.9789,"Araucaria angustifolia","NOME_ACEITO","Araucaria angustifolia","NT",NA,NA,"NT",2018,"Minas Gerais",NA,NA,NA,NA,NA,NA,"Araucaria angustifolia",NA,"NeotropicTree"
"AtlMG191","Araucaria angustifolia","Brasil","Camanducaia, floresta nebular de araucária","Minas Gerais",-46.1003,-22.7508,"Araucaria angustifolia","NOME_ACEITO","Araucaria angustifolia","NT",NA,NA,"NT",2018,"Minas Gerais",NA,NA,NA,NA,NA,NA,"Araucaria angustifolia",NA,"NeotropicTree"
"AtlMG192","Araucaria angustifolia","Brasil","Serra do Papagaio, oeste, floresta nebular de araucária","Minas Gerais",-44.7722,-22.1272,"Araucaria angustifolia","NOME_ACEITO","Araucaria angustifolia","NT",NA,NA,"NT",2018,"Minas Gerais",NA,NA,NA,NA,NA,NA,"Araucaria angustifolia",NA,"NeotropicTree"
"AtlMG193","Araucaria angustifolia","Brasil","Serra do Papagaio, leste, floresta nebular de araucária","Minas Gerais",-44.7111,-22.1467,"Araucaria angustifolia","NOME_ACEITO","Araucaria angustifolia","NT",NA,NA,"NT",2018,"Minas Gerais",NA,NA,NA,NA,NA,NA,"Araucaria angustifolia",NA,"NeotropicTree"
"AtlMG194","Araucaria angustifolia","Brasil","Campo Redondo, floresta nebular de araucária","Minas Gerais",-44.7078,-22.2664,"Araucaria angustifolia","NOME_ACEITO","Araucaria angustifolia","NT",NA,NA,"NT",2018,"Minas Gerais",NA,NA,NA,NA,NA,NA,"Araucaria angustifolia",NA,"NeotropicTree"
"AtlMG195","Araucaria angustifolia","Brasil","Passa Quatro, floresta nebular de araucária","Minas Gerais",-45.0556,-22.4147,"Araucaria angustifolia","NOME_ACEITO","Araucaria angustifolia","NT",NA,NA,"NT",2018,"Minas Gerais",NA,NA,NA,NA,NA,NA,"Araucaria angustifolia",NA,"NeotropicTree"
"AtlMG196","Araucaria angustifolia","Brasil","Itajubá, Pedra Amarela, floresta nebular de araucária","Minas Gerais",-45.3742,-22.4456,"Araucaria angustifolia","NOME_ACEITO","Araucaria angustifolia","NT",NA,NA,"NT",2018,"Minas Gerais",NA,NA,NA,NA,NA,NA,"Araucaria angustifolia",NA,"NeotropicTree"
"AtlMG197","Araucaria angustifolia","Brasil","Paraisópolis, floresta nebular de araucária","Minas Gerais",-45.8186,-22.5819,"Araucaria angustifolia","NOME_ACEITO","Araucaria angustifolia","NT",NA,NA,"NT",2018,"Minas Gerais",NA,NA,NA,NA,NA,NA,"Araucaria angustifolia",NA,"NeotropicTree"
"AtlMG198","Araucaria angustifolia","Brasil","Monte Verde, floresta nebular de araucária","Minas Gerais",-46.0803,-22.8711,"Araucaria angustifolia","NOME_ACEITO","Araucaria angustifolia","NT",NA,NA,"NT",2018,"Minas Gerais",NA,NA,NA,NA,NA,NA,"Araucaria angustifolia",NA,"NeotropicTree"
"AtlMG243","Araucaria angustifolia","Brasil","Monte Belo, floresta semidecídua","Minas Gerais",-46.2803,-21.3708,"Araucaria angustifolia","NOME_ACEITO","Araucaria angustifolia","NT",NA,NA,"NT",2018,"Minas Gerais",NA,NA,NA,NA,NA,NA,"Araucaria angustifolia",NA,"NeotropicTree"
"AtlMG254","Araucaria angustifolia","Brasil","Entre Rios de Minas, floresta semidecídua","Minas Gerais",-44.1794,-20.6675,"Araucaria angustifolia","NOME_ACEITO","Araucaria angustifolia","NT",NA,NA,"NT",2018,"Minas Gerais",NA,NA,NA,NA,NA,NA,"Araucaria angustifolia",NA,"NeotropicTree"
"AtlMG260","Araucaria angustifolia","Brasil","Itamogi, floresta semidecídua","Minas Gerais",-46.975,-21.1125,"Araucaria angustifolia","NOME_ACEITO","Araucaria angustifolia","NT",NA,NA,"NT",2018,"Minas Gerais",NA,NA,NA,NA,NA,NA,"Araucaria angustifolia",NA,"NeotropicTree"
"AtlMG261","Araucaria angustifolia","Brasil","Barbacena, floresta semidecídua","Minas Gerais",-43.7031,-21.1906,"Araucaria angustifolia","NOME_ACEITO","Araucaria angustifolia","NT",NA,NA,"NT",2018,"Minas Gerais",NA,NA,NA,NA,NA,NA,"Araucaria angustifolia",NA,"NeotropicTree"
"AtlMG263","Araucaria angustifolia","Brasil","Lavras, Poço Bonito, floresta semidecídua","Minas Gerais",-44.9858,-21.3314,"Araucaria angustifolia","NOME_ACEITO","Araucaria angustifolia","NT",NA,NA,"NT",2018,"Minas Gerais",NA,NA,NA,NA,NA,NA,"Araucaria angustifolia",NA,"NeotropicTree"
"AtlMG264","Araucaria angustifolia","Brasil","Piedade do Rio Grande, floresta semidecídua","Minas Gerais",-44.1006,-21.4878,"Araucaria angustifolia","NOME_ACEITO","Araucaria angustifolia","NT",NA,NA,"NT",2018,"Minas Gerais",NA,NA,NA,NA,NA,NA,"Araucaria angustifolia",NA,"NeotropicTree"
"AtlMG266","Araucaria angustifolia","Brasil","São Pedro de Caldas, floresta semidecídua","Minas Gerais",-46.2494,-21.8017,"Araucaria angustifolia","NOME_ACEITO","Araucaria angustifolia","NT",NA,NA,"NT",2018,"Minas Gerais",NA,NA,NA,NA,NA,NA,"Araucaria angustifolia",NA,"NeotropicTree"
"AtlMG268","Araucaria angustifolia","Brasil","Lambari, Nova Baden, floresta semidecídua","Minas Gerais",-45.3231,-21.9336,"Araucaria angustifolia","NOME_ACEITO","Araucaria angustifolia","NT",NA,NA,"NT",2018,"Minas Gerais",NA,NA,NA,NA,NA,NA,"Araucaria angustifolia",NA,"NeotropicTree"
"AtlMG271","Araucaria angustifolia","Brasil","Caxambu, floresta semidecídua","Minas Gerais",-44.9347,-22.0497,"Araucaria angustifolia","NOME_ACEITO","Araucaria angustifolia","NT",NA,NA,"NT",2018,"Minas Gerais",NA,NA,NA,NA,NA,NA,"Araucaria angustifolia",NA,"NeotropicTree"
"AtlMG272","Araucaria angustifolia","Brasil","Santa Rita de Caldas, floresta semidecídua","Minas Gerais",-46.3478,-22.0806,"Araucaria angustifolia","NOME_ACEITO","Araucaria angustifolia","NT",NA,NA,"NT",2018,"Minas Gerais",NA,NA,NA,NA,NA,NA,"Araucaria angustifolia",NA,"NeotropicTree"
"AtlMG276","Araucaria angustifolia","Brasil","Serra de São José, nanofloresta rupícola","Minas Gerais",-44.1428,-21.0667,"Araucaria angustifolia","NOME_ACEITO","Araucaria angustifolia","NT",NA,NA,"NT",2018,"Minas Gerais",NA,NA,NA,NA,NA,NA,"Araucaria angustifolia",NA,"NeotropicTree"
"AtlPR034","Araucaria angustifolia","Brasil","Serra da Baitaca, nanofloresta rupícola","Paraná",-48.9997,-25.3856,"Araucaria angustifolia","NOME_ACEITO","Araucaria angustifolia","NT",NA,NA,"NT",2018,"Paraná",NA,NA,NA,NA,NA,NA,"Araucaria angustifolia",NA,"NeotropicTree"
"AtlPR036","Araucaria angustifolia","Brasil","Campina Grande do Sul, floresta pluvial de araucária","Paraná",-49.0308,-25.2986,"Araucaria angustifolia","NOME_ACEITO","Araucaria angustifolia","NT",NA,NA,"NT",2018,"Paraná",NA,NA,NA,NA,NA,NA,"Araucaria angustifolia",NA,"NeotropicTree"
"AtlPR037","Araucaria angustifolia","Brasil","Piraí do Sul, floresta nebular de araucária","Paraná",-49.855,-24.5178,"Araucaria angustifolia","NOME_ACEITO","Araucaria angustifolia","NT",NA,NA,"NT",2018,"Paraná",NA,NA,NA,NA,NA,NA,"Araucaria angustifolia",NA,"NeotropicTree"
"AtlPR038","Araucaria angustifolia","Brasil","Doutor Ulysses, floresta nebular de araucária","Paraná",-49.4261,-24.5339,"Araucaria angustifolia","NOME_ACEITO","Araucaria angustifolia","NT",NA,NA,"NT",2018,"Paraná",NA,NA,NA,NA,NA,NA,"Araucaria angustifolia",NA,"NeotropicTree"
"AtlPR039","Araucaria angustifolia","Brasil","Castro, floresta nebular de araucária","Paraná",-49.8794,-24.8017,"Araucaria angustifolia","NOME_ACEITO","Araucaria angustifolia","NT",NA,NA,"NT",2018,"Paraná",NA,NA,NA,NA,NA,NA,"Araucaria angustifolia",NA,"NeotropicTree"
"AtlPR040","Araucaria angustifolia","Brasil","Rio Branco do Sul, floresta nebular de araucária","Paraná",-49.3292,-25.1814,"Araucaria angustifolia","NOME_ACEITO","Araucaria angustifolia","NT",NA,NA,"NT",2018,"Paraná",NA,NA,NA,NA,NA,NA,"Araucaria angustifolia",NA,"NeotropicTree"
"AtlPR041","Araucaria angustifolia","Brasil","Bocaiúva do Sul, floresta nebular de araucária","Paraná",-49.1283,-25.1828,"Araucaria angustifolia","NOME_ACEITO","Araucaria angustifolia","NT",NA,NA,"NT",2018,"Paraná",NA,NA,NA,NA,NA,NA,"Araucaria angustifolia",NA,"NeotropicTree"
"AtlPR042","Araucaria angustifolia","Brasil","Colombo, floresta nebular de araucária","Paraná",-49.2636,-25.2631,"Araucaria angustifolia","NOME_ACEITO","Araucaria angustifolia","NT",NA,NA,"NT",2018,"Paraná",NA,NA,NA,NA,NA,NA,"Araucaria angustifolia",NA,"NeotropicTree"
"AtlPR043","Araucaria angustifolia","Brasil","Curitiba, floresta nebular de araucária","Paraná",-49.3053,-25.4175,"Araucaria angustifolia","NOME_ACEITO","Araucaria angustifolia","NT",NA,NA,"NT",2018,"Paraná",NA,NA,NA,NA,NA,NA,"Araucaria angustifolia",NA,"NeotropicTree"
"AtlPR044","Araucaria angustifolia","Brasil","Piraquara, floresta nebular de araucária","Paraná",-49.0481,-25.4686,"Araucaria angustifolia","NOME_ACEITO","Araucaria angustifolia","NT",NA,NA,"NT",2018,"Paraná",NA,NA,NA,NA,NA,NA,"Araucaria angustifolia",NA,"NeotropicTree"
"AtlPR045","Araucaria angustifolia","Brasil","Araucária, floresta nebular de araucária","Paraná",-49.3736,-25.5836,"Araucaria angustifolia","NOME_ACEITO","Araucaria angustifolia","NT",NA,NA,"NT",2018,"Paraná",NA,NA,NA,NA,NA,NA,"Araucaria angustifolia",NA,"NeotropicTree"
"AtlPR046","Araucaria angustifolia","Brasil","São José dos Pinhais, floresta nebular de araucária","Paraná",-49.2128,-25.6044,"Araucaria angustifolia","NOME_ACEITO","Araucaria angustifolia","NT",NA,NA,"NT",2018,"Paraná",NA,NA,NA,NA,NA,NA,"Araucaria angustifolia",NA,"NeotropicTree"
"AtlPR047","Araucaria angustifolia","Brasil","Contenda, floresta nebular de araucária","Paraná",-49.4622,-25.7019,"Araucaria angustifolia","NOME_ACEITO","Araucaria angustifolia","NT",NA,NA,"NT",2018,"Paraná",NA,NA,NA,NA,NA,NA,"Araucaria angustifolia",NA,"NeotropicTree"
"AtlPR048","Araucaria angustifolia","Brasil","Tijucas do Sul, floresta nebular de araucária","Paraná",-49.2022,-25.9314,"Araucaria angustifolia","NOME_ACEITO","Araucaria angustifolia","NT",NA,NA,"NT",2018,"Paraná",NA,NA,NA,NA,NA,NA,"Araucaria angustifolia",NA,"NeotropicTree"
"AtlPR049","Araucaria angustifolia","Brasil","Pién, floresta nebular de araucária","Paraná",-49.4911,-26.0619,"Araucaria angustifolia","NOME_ACEITO","Araucaria angustifolia","NT",NA,NA,"NT",2018,"Paraná",NA,NA,NA,NA,NA,NA,"Araucaria angustifolia",NA,"NeotropicTree"
"AtlPR050","Araucaria angustifolia","Brasil","Wenceslau Braz, floresta estacional de araucária","Paraná",-49.8019,-23.9036,"Araucaria angustifolia","NOME_ACEITO","Araucaria angustifolia","NT",NA,NA,"NT",2018,"Paraná",NA,NA,NA,NA,NA,NA,"Araucaria angustifolia",NA,"NeotropicTree"
"AtlPR051","Araucaria angustifolia","Brasil","Faxinal, floresta estacional de araucária","Paraná",-51.3353,-24.0181,"Araucaria angustifolia","NOME_ACEITO","Araucaria angustifolia","NT",NA,NA,"NT",2018,"Paraná",NA,NA,NA,NA,NA,NA,"Araucaria angustifolia",NA,"NeotropicTree"
"AtlPR052","Araucaria angustifolia","Brasil","Jaguariaíva, floresta estacional de araucária","Paraná",-49.7186,-24.1111,"Araucaria angustifolia","NOME_ACEITO","Araucaria angustifolia","NT",NA,NA,"NT",2018,"Paraná",NA,NA,NA,NA,NA,NA,"Araucaria angustifolia",NA,"NeotropicTree"
"AtlPR053","Araucaria angustifolia","Brasil","Ortigueira, floresta estacional de araucária","Paraná",-50.9792,-24.1683,"Araucaria angustifolia","NOME_ACEITO","Araucaria angustifolia","NT",NA,NA,"NT",2018,"Paraná",NA,NA,NA,NA,NA,NA,"Araucaria angustifolia",NA,"NeotropicTree"
"AtlPR054","Araucaria angustifolia","Brasil","Arapoti, floresta estacional de araucária","Paraná",-49.9111,-24.1861,"Araucaria angustifolia","NOME_ACEITO","Araucaria angustifolia","NT",NA,NA,"NT",2018,"Paraná",NA,NA,NA,NA,NA,NA,"Araucaria angustifolia",NA,"NeotropicTree"
"AtlPR055","Araucaria angustifolia","Brasil","Campo Mourão, floresta estacional de araucária","Paraná",-52.3503,-24.1953,"Araucaria angustifolia","NOME_ACEITO","Araucaria angustifolia","NT",NA,NA,"NT",2018,"Paraná",NA,NA,NA,NA,NA,NA,"Araucaria angustifolia",NA,"NeotropicTree"
"AtlPR056","Araucaria angustifolia","Brasil","Goioerê, floresta estacional de araucária","Paraná",-52.9189,-24.2106,"Araucaria angustifolia","NOME_ACEITO","Araucaria angustifolia","NT",NA,NA,"NT",2018,"Paraná",NA,NA,NA,NA,NA,NA,"Araucaria angustifolia",NA,"NeotropicTree"
"AtlPR057","Araucaria angustifolia","Brasil","Sengés, floresta estacional de araucária","Paraná",-49.4867,-24.2508,"Araucaria angustifolia","NOME_ACEITO","Araucaria angustifolia","NT",NA,NA,"NT",2018,"Paraná",NA,NA,NA,NA,NA,NA,"Araucaria angustifolia",NA,"NeotropicTree"
"AtlPR058","Araucaria angustifolia","Brasil","Imbaú, floresta estacional de araucária","Paraná",-50.7064,-24.3944,"Araucaria angustifolia","NOME_ACEITO","Araucaria angustifolia","NT",NA,NA,"NT",2018,"Paraná",NA,NA,NA,NA,NA,NA,"Araucaria angustifolia",NA,"NeotropicTree"
"AtlPR059","Araucaria angustifolia","Brasil","Cândido de Abreu, floresta estacional de araucária","Paraná",-51.0883,-24.4736,"Araucaria angustifolia","NOME_ACEITO","Araucaria angustifolia","NT",NA,NA,"NT",2018,"Paraná",NA,NA,NA,NA,NA,NA,"Araucaria angustifolia",NA,"NeotropicTree"
"AtlPR060","Araucaria angustifolia","Brasil","Tibagi, floresta estacional de araucária","Paraná",-50.4067,-24.4781,"Araucaria angustifolia","NOME_ACEITO","Araucaria angustifolia","NT",NA,NA,"NT",2018,"Paraná",NA,NA,NA,NA,NA,NA,"Araucaria angustifolia",NA,"NeotropicTree"
"AtlPR061","Araucaria angustifolia","Brasil","Ubiratã, floresta estacional de araucária","Paraná",-52.8475,-24.5433,"Araucaria angustifolia","NOME_ACEITO","Araucaria angustifolia","NT",NA,NA,"NT",2018,"Paraná",NA,NA,NA,NA,NA,NA,"Araucaria angustifolia",NA,"NeotropicTree"
"AtlPR062","Araucaria angustifolia","Brasil","Roncador, floresta estacional de araucária","Paraná",-52.1936,-24.5622,"Araucaria angustifolia","NOME_ACEITO","Araucaria angustifolia","NT",NA,NA,"NT",2018,"Paraná",NA,NA,NA,NA,NA,NA,"Araucaria angustifolia",NA,"NeotropicTree"
"AtlPR063","Araucaria angustifolia","Brasil","Ivaí, floresta estacional de araucária","Paraná",-50.9825,-24.8331,"Araucaria angustifolia","NOME_ACEITO","Araucaria angustifolia","NT",NA,NA,"NT",2018,"Paraná",NA,NA,NA,NA,NA,NA,"Araucaria angustifolia",NA,"NeotropicTree"
"AtlPR064","Araucaria angustifolia","Brasil","Campo Bonito, floresta estacional de araucária","Paraná",-52.9972,-24.9869,"Araucaria angustifolia","NOME_ACEITO","Araucaria angustifolia","NT",NA,NA,"NT",2018,"Paraná",NA,NA,NA,NA,NA,NA,"Araucaria angustifolia",NA,"NeotropicTree"
"AtlPR065","Araucaria angustifolia","Brasil","Ipiranga, floresta estacional de araucária","Paraná",-50.6475,-24.9947,"Araucaria angustifolia","NOME_ACEITO","Araucaria angustifolia","NT",NA,NA,"NT",2018,"Paraná",NA,NA,NA,NA,NA,NA,"Araucaria angustifolia",NA,"NeotropicTree"
"AtlPR066","Araucaria angustifolia","Brasil","Cascavel, floresta estacional de araucária","Paraná",-53.6625,-25.0919,"Araucaria angustifolia","NOME_ACEITO","Araucaria angustifolia","NT",NA,NA,"NT",2018,"Paraná",NA,NA,NA,NA,NA,NA,"Araucaria angustifolia",NA,"NeotropicTree"
"AtlPR067","Araucaria angustifolia","Brasil","Ponta Grossa, floresta estacional de araucária","Paraná",-50.0325,-25.2206,"Araucaria angustifolia","NOME_ACEITO","Araucaria angustifolia","NT",NA,NA,"NT",2018,"Paraná",NA,NA,NA,NA,NA,NA,"Araucaria angustifolia",NA,"NeotropicTree"
"AtlPR068","Araucaria angustifolia","Brasil","Três Córregos, floresta estacional de araucária","Paraná",-49.6369,-25.2344,"Araucaria angustifolia","NOME_ACEITO","Araucaria angustifolia","NT",NA,NA,"NT",2018,"Paraná",NA,NA,NA,NA,NA,NA,"Araucaria angustifolia",NA,"NeotropicTree"
"AtlPR069","Araucaria angustifolia","Brasil","Teixeira Soares, floresta estacional de araucária","Paraná",-50.3444,-25.3011,"Araucaria angustifolia","NOME_ACEITO","Araucaria angustifolia","NT",NA,NA,"NT",2018,"Paraná",NA,NA,NA,NA,NA,NA,"Araucaria angustifolia",NA,"NeotropicTree"
"AtlPR070","Araucaria angustifolia","Brasil","Reserva das Antas, floresta estacional de araucária","Paraná",-52.7278,-25.4514,"Araucaria angustifolia","NOME_ACEITO","Araucaria angustifolia","NT",NA,NA,"NT",2018,"Paraná",NA,NA,NA,NA,NA,NA,"Araucaria angustifolia",NA,"NeotropicTree"
"AtlPR071","Araucaria angustifolia","Brasil","Pinhão, floresta estacional de araucária","Paraná",-51.7517,-25.5969,"Araucaria angustifolia","NOME_ACEITO","Araucaria angustifolia","NT",NA,NA,"NT",2018,"Paraná",NA,NA,NA,NA,NA,NA,"Araucaria angustifolia",NA,"NeotropicTree"
"AtlPR072","Araucaria angustifolia","Brasil","São João do Triunfo, floresta estacional de araucária","Paraná",-50.2614,-25.6614,"Araucaria angustifolia","NOME_ACEITO","Araucaria angustifolia","NT",NA,NA,"NT",2018,"Paraná",NA,NA,NA,NA,NA,NA,"Araucaria angustifolia",NA,"NeotropicTree"
"AtlPR073","Araucaria angustifolia","Brasil","Rebouças, floresta estacional de araucária","Paraná",-50.5561,-25.6678,"Araucaria angustifolia","NOME_ACEITO","Araucaria angustifolia","NT",NA,NA,"NT",2018,"Paraná",NA,NA,NA,NA,NA,NA,"Araucaria angustifolia",NA,"NeotropicTree"
"AtlPR074","Araucaria angustifolia","Brasil","Dois Vizinhos, floresta estacional de araucária","Paraná",-53.0661,-25.7786,"Araucaria angustifolia","NOME_ACEITO","Araucaria angustifolia","NT",NA,NA,"NT",2018,"Paraná",NA,NA,NA,NA,NA,NA,"Araucaria angustifolia",NA,"NeotropicTree"
"AtlPR075","Araucaria angustifolia","Brasil","Lapa, floresta estacional de araucária","Paraná",-49.715,-25.8158,"Araucaria angustifolia","NOME_ACEITO","Araucaria angustifolia","NT",NA,NA,"NT",2018,"Paraná",NA,NA,NA,NA,NA,NA,"Araucaria angustifolia",NA,"NeotropicTree"
"AtlPR076","Araucaria angustifolia","Brasil","São Mateus do Sul, floresta estacional de araucária","Paraná",-50.3256,-25.8542,"Araucaria angustifolia","NOME_ACEITO","Araucaria angustifolia","NT",NA,NA,"NT",2018,"Paraná",NA,NA,NA,NA,NA,NA,"Araucaria angustifolia",NA,"NeotropicTree"
"AtlPR077","Araucaria angustifolia","Brasil","Santa Izabel do Oeste, floresta estacional de araucária","Paraná",-53.3425,-25.8789,"Araucaria angustifolia","NOME_ACEITO","Araucaria angustifolia","NT",NA,NA,"NT",2018,"Paraná",NA,NA,NA,NA,NA,NA,"Araucaria angustifolia",NA,"NeotropicTree"
"AtlPR078","Araucaria angustifolia","Brasil","Quitandinha, floresta estacional de araucária","Paraná",-49.5033,-25.8911,"Araucaria angustifolia","NOME_ACEITO","Araucaria angustifolia","NT",NA,NA,"NT",2018,"Paraná",NA,NA,NA,NA,NA,NA,"Araucaria angustifolia",NA,"NeotropicTree"
"AtlPR079","Araucaria angustifolia","Brasil","Coronel Vivida, floresta estacional de araucária","Paraná",-52.5197,-25.9892,"Araucaria angustifolia","NOME_ACEITO","Araucaria angustifolia","NT",NA,NA,"NT",2018,"Paraná",NA,NA,NA,NA,NA,NA,"Araucaria angustifolia",NA,"NeotropicTree"
"AtlPR080","Araucaria angustifolia","Brasil","Bituruna, floresta estacional de araucária","Paraná",-51.5189,-26.0964,"Araucaria angustifolia","NOME_ACEITO","Araucaria angustifolia","NT",NA,NA,"NT",2018,"Paraná",NA,NA,NA,NA,NA,NA,"Araucaria angustifolia",NA,"NeotropicTree"
"AtlPR081","Araucaria angustifolia","Brasil","Pato Branco, floresta estacional de araucária","Paraná",-52.6775,-26.1931,"Araucaria angustifolia","NOME_ACEITO","Araucaria angustifolia","NT",NA,NA,"NT",2018,"Paraná",NA,NA,NA,NA,NA,NA,"Araucaria angustifolia",NA,"NeotropicTree"
"AtlPR082","Araucaria angustifolia","Brasil","Francisco Beltrão, floresta estacional de araucária","Paraná",-53.1636,-26.1958,"Araucaria angustifolia","NOME_ACEITO","Araucaria angustifolia","NT",NA,NA,"NT",2018,"Paraná",NA,NA,NA,NA,NA,NA,"Araucaria angustifolia",NA,"NeotropicTree"
"AtlPR083","Araucaria angustifolia","Brasil","Clevelândia, floresta estacional de araucária","Paraná",-52.2247,-26.3217,"Araucaria angustifolia","NOME_ACEITO","Araucaria angustifolia","NT",NA,NA,"NT",2018,"Paraná",NA,NA,NA,NA,NA,NA,"Araucaria angustifolia",NA,"NeotropicTree"
"AtlPR084","Araucaria angustifolia","Brasil","Mauá da Serra, floresta estacional de araucária","Paraná",-51.1589,-23.9486,"Araucaria angustifolia","NOME_ACEITO","Araucaria angustifolia","NT",NA,NA,"NT",2018,"Paraná",NA,NA,NA,NA,NA,NA,"Araucaria angustifolia",NA,"NeotropicTree"
"AtlPR085","Araucaria angustifolia","Brasil","Ventania, floresta estacional de araucária","Paraná",-50.2172,-24.1747,"Araucaria angustifolia","NOME_ACEITO","Araucaria angustifolia","NT",NA,NA,"NT",2018,"Paraná",NA,NA,NA,NA,NA,NA,"Araucaria angustifolia",NA,"NeotropicTree"
"AtlPR086","Araucaria angustifolia","Brasil","Canyon Guartelá, floresta estacional de araucária","Paraná",-50.1589,-24.6747,"Araucaria angustifolia","NOME_ACEITO","Araucaria angustifolia","NT",NA,NA,"NT",2018,"Paraná",NA,NA,NA,NA,NA,NA,"Araucaria angustifolia",NA,"NeotropicTree"
"AtlPR087","Araucaria angustifolia","Brasil","Pitanga, floresta estacional de araucária","Paraná",-51.8369,-24.7708,"Araucaria angustifolia","NOME_ACEITO","Araucaria angustifolia","NT",NA,NA,"NT",2018,"Paraná",NA,NA,NA,NA,NA,NA,"Araucaria angustifolia",NA,"NeotropicTree"
"AtlPR088","Araucaria angustifolia","Brasil","Palmital, floresta estacional de araucária","Paraná",-52.1631,-24.8764,"Araucaria angustifolia","NOME_ACEITO","Araucaria angustifolia","NT",NA,NA,"NT",2018,"Paraná",NA,NA,NA,NA,NA,NA,"Araucaria angustifolia",NA,"NeotropicTree"
"AtlPR089","Araucaria angustifolia","Brasil","Prudentópolis, floresta estacional de araucária","Paraná",-51.2853,-25.075,"Araucaria angustifolia","NOME_ACEITO","Araucaria angustifolia","NT",NA,NA,"NT",2018,"Paraná",NA,NA,NA,NA,NA,NA,"Araucaria angustifolia",NA,"NeotropicTree"
"AtlPR090","Araucaria angustifolia","Brasil","Cantagalo, floresta estacional de araucária","Paraná",-51.8961,-25.1928,"Araucaria angustifolia","NOME_ACEITO","Araucaria angustifolia","NT",NA,NA,"NT",2018,"Paraná",NA,NA,NA,NA,NA,NA,"Araucaria angustifolia",NA,"NeotropicTree"
"AtlPR091","Araucaria angustifolia","Brasil","Nova Laranjeiras, floresta estacional de araucária","Paraná",-52.4064,-25.2411,"Araucaria angustifolia","NOME_ACEITO","Araucaria angustifolia","NT",NA,NA,"NT",2018,"Paraná",NA,NA,NA,NA,NA,NA,"Araucaria angustifolia",NA,"NeotropicTree"
"AtlPR092","Araucaria angustifolia","Brasil","Guarapuava, floresta estacional de araucária","Paraná",-51.4678,-25.3517,"Araucaria angustifolia","NOME_ACEITO","Araucaria angustifolia","NT",NA,NA,"NT",2018,"Paraná",NA,NA,NA,NA,NA,NA,"Araucaria angustifolia",NA,"NeotropicTree"
"AtlPR093","Araucaria angustifolia","Brasil","Irati, floresta estacional de araucária","Paraná",-50.6864,-25.4081,"Araucaria angustifolia","NOME_ACEITO","Araucaria angustifolia","NT",NA,NA,"NT",2018,"Paraná",NA,NA,NA,NA,NA,NA,"Araucaria angustifolia",NA,"NeotropicTree"
"AtlPR094","Araucaria angustifolia","Brasil","Palmeira, floresta estacional de araucária","Paraná",-50.0233,-25.4244,"Araucaria angustifolia","NOME_ACEITO","Araucaria angustifolia","NT",NA,NA,"NT",2018,"Paraná",NA,NA,NA,NA,NA,NA,"Araucaria angustifolia",NA,"NeotropicTree"
"AtlPR095","Araucaria angustifolia","Brasil","Laranjeiras do Sul, floresta estacional de araucária","Paraná",-52.4031,-25.4644,"Araucaria angustifolia","NOME_ACEITO","Araucaria angustifolia","NT",NA,NA,"NT",2018,"Paraná",NA,NA,NA,NA,NA,NA,"Araucaria angustifolia",NA,"NeotropicTree"
"AtlPR096","Araucaria angustifolia","Brasil","Balsa Nova, floresta estacional de araucária","Paraná",-49.6711,-25.5622,"Araucaria angustifolia","NOME_ACEITO","Araucaria angustifolia","NT",NA,NA,"NT",2018,"Paraná",NA,NA,NA,NA,NA,NA,"Araucaria angustifolia",NA,"NeotropicTree"
"AtlPR097","Araucaria angustifolia","Brasil","Mallet, floresta estacional de araucária","Paraná",-51.0594,-25.8072,"Araucaria angustifolia","NOME_ACEITO","Araucaria angustifolia","NT",NA,NA,"NT",2018,"Paraná",NA,NA,NA,NA,NA,NA,"Araucaria angustifolia",NA,"NeotropicTree"
"AtlPR098","Araucaria angustifolia","Brasil","Reserva do Iguaçu, floresta estacional de araucária","Paraná",-51.9911,-25.8511,"Araucaria angustifolia","NOME_ACEITO","Araucaria angustifolia","NT",NA,NA,"NT",2018,"Paraná",NA,NA,NA,NA,NA,NA,"Araucaria angustifolia",NA,"NeotropicTree"
"AtlPR099","Araucaria angustifolia","Brasil","Paulo Frontin, floresta estacional de araucária","Paraná",-50.8883,-26.0717,"Araucaria angustifolia","NOME_ACEITO","Araucaria angustifolia","NT",NA,NA,"NT",2018,"Paraná",NA,NA,NA,NA,NA,NA,"Araucaria angustifolia",NA,"NeotropicTree"
"AtlPR100","Araucaria angustifolia","Brasil","Palmas, floresta estacional de araucária","Paraná",-51.8164,-26.2519,"Araucaria angustifolia","NOME_ACEITO","Araucaria angustifolia","NT",NA,NA,"NT",2018,"Paraná",NA,NA,NA,NA,NA,NA,"Araucaria angustifolia",NA,"NeotropicTree"
"AtlPR101","Araucaria angustifolia","Brasil","União da Vitória, floresta estacional de araucária","Paraná",-51.3344,-26.2658,"Araucaria angustifolia","NOME_ACEITO","Araucaria angustifolia","NT",NA,NA,"NT",2018,"Paraná",NA,NA,NA,NA,NA,NA,"Araucaria angustifolia",NA,"NeotropicTree"
"AtlPR102","Araucaria angustifolia","Brasil","General Carneiro, floresta estacional de araucária","Paraná",-51.3844,-26.5136,"Araucaria angustifolia","NOME_ACEITO","Araucaria angustifolia","NT",NA,NA,"NT",2018,"Paraná",NA,NA,NA,NA,NA,NA,"Araucaria angustifolia",NA,"NeotropicTree"
"AtlRJ087","Araucaria angustifolia","Brasil","Visconde de Mauá e Mirantão, floresta nebular de araucária","Rio de Janeiro/Minas Gerais",-44.6025,-22.3356,"Araucaria angustifolia","NOME_ACEITO","Araucaria angustifolia","NT",NA,NA,"NT",2018,"Rio de Janeiro/Minas Gerais",NA,NA,NA,NA,NA,NA,"Araucaria angustifolia",NA,"NeotropicTree"
"AtlRS013","Araucaria angustifolia","Brasil","São José dos Ausentes, floresta nebular de araucária","Rio Grande do Sul",-49.8183,-28.5497,"Araucaria angustifolia","NOME_ACEITO","Araucaria angustifolia","NT",NA,NA,"NT",2018,"Rio Grande do Sul",NA,NA,NA,NA,NA,NA,"Araucaria angustifolia",NA,"NeotropicTree"
"AtlRS014","Araucaria angustifolia","Brasil","Cambará do Sul, floresta nebular de araucária","Rio Grande do Sul",-50.0742,-28.9133,"Araucaria angustifolia","NOME_ACEITO","Araucaria angustifolia","NT",NA,NA,"NT",2018,"Rio Grande do Sul",NA,NA,NA,NA,NA,NA,"Araucaria angustifolia",NA,"NeotropicTree"
"AtlRS015","Araucaria angustifolia","Brasil","Aratinga, floresta nebular de araucária","Rio Grande do Sul",-50.2006,-29.3133,"Araucaria angustifolia","NOME_ACEITO","Araucaria angustifolia","NT",NA,NA,"NT",2018,"Rio Grande do Sul",NA,NA,NA,NA,NA,NA,"Araucaria angustifolia",NA,"NeotropicTree"
"AtlRS016","Araucaria angustifolia","Brasil","Itaimbezinho, floresta nebular de araucária","Rio Grande do Sul",-50.0325,-29.3475,"Araucaria angustifolia","NOME_ACEITO","Araucaria angustifolia","NT",NA,NA,"NT",2018,"Rio Grande do Sul",NA,NA,NA,NA,NA,NA,"Araucaria angustifolia",NA,"NeotropicTree"
"AtlRS017","Araucaria angustifolia","Brasil","São Francisco de Paula, floresta nebular de araucária","Rio Grande do Sul",-50.3917,-29.4208,"Araucaria angustifolia","NOME_ACEITO","Araucaria angustifolia","NT",NA,NA,"NT",2018,"Rio Grande do Sul",NA,NA,NA,NA,NA,NA,"Araucaria angustifolia",NA,"NeotropicTree"
"AtlRS018","Araucaria angustifolia","Brasil","Santo Antônio do Planalto, floresta estacional de araucária","Rio Grande do Sul",-52.6353,-28.3811,"Araucaria angustifolia","NOME_ACEITO","Araucaria angustifolia","NT",NA,NA,"NT",2018,"Rio Grande do Sul",NA,NA,NA,NA,NA,NA,"Araucaria angustifolia",NA,"NeotropicTree"
"AtlRS019","Araucaria angustifolia","Brasil","Vila Maria, floresta estacional de araucária","Rio Grande do Sul",-52.1256,-28.6531,"Araucaria angustifolia","NOME_ACEITO","Araucaria angustifolia","NT",NA,NA,"NT",2018,"Rio Grande do Sul",NA,NA,NA,NA,NA,NA,"Araucaria angustifolia",NA,"NeotropicTree"
"AtlRS020","Araucaria angustifolia","Brasil","São Valentim, floresta estacional de araucária","Rio Grande do Sul",-51.5089,-29.0897,"Araucaria angustifolia","NOME_ACEITO","Araucaria angustifolia","NT",NA,NA,"NT",2018,"Rio Grande do Sul",NA,NA,NA,NA,NA,NA,"Araucaria angustifolia",NA,"NeotropicTree"
"AtlRS021","Araucaria angustifolia","Brasil","Arroio do Tigre, floresta estacional de araucária","Rio Grande do Sul",-52.9453,-29.1869,"Araucaria angustifolia","NOME_ACEITO","Araucaria angustifolia","NT",NA,NA,"NT",2018,"Rio Grande do Sul",NA,NA,NA,NA,NA,NA,"Araucaria angustifolia",NA,"NeotropicTree"
"AtlRS022","Araucaria angustifolia","Brasil","Farroupilha, floresta estacional de araucária","Rio Grande do Sul",-51.3767,-29.2819,"Araucaria angustifolia","NOME_ACEITO","Araucaria angustifolia","NT",NA,NA,"NT",2018,"Rio Grande do Sul",NA,NA,NA,NA,NA,NA,"Araucaria angustifolia",NA,"NeotropicTree"
"AtlRS023","Araucaria angustifolia","Brasil","Passa Sete, floresta estacional de araucária","Rio Grande do Sul",-52.8653,-29.4547,"Araucaria angustifolia","NOME_ACEITO","Araucaria angustifolia","NT",NA,NA,"NT",2018,"Rio Grande do Sul",NA,NA,NA,NA,NA,NA,"Araucaria angustifolia",NA,"NeotropicTree"
"AtlRS024","Araucaria angustifolia","Brasil","Itaára a São Martinho da Serra, floresta estacional de araucária","Rio Grande do Sul",-53.8156,-29.5686,"Araucaria angustifolia","NOME_ACEITO","Araucaria angustifolia","NT",NA,NA,"NT",2018,"Rio Grande do Sul",NA,NA,NA,NA,NA,NA,"Araucaria angustifolia",NA,"NeotropicTree"
"AtlRS025","Araucaria angustifolia","Brasil","Faxinalzinho, floresta estacional de araucária","Rio Grande do Sul",-52.6789,-27.3447,"Araucaria angustifolia","NOME_ACEITO","Araucaria angustifolia","NT",NA,NA,"NT",2018,"Rio Grande do Sul",NA,NA,NA,NA,NA,NA,"Araucaria angustifolia",NA,"NeotropicTree"
"AtlRS026","Araucaria angustifolia","Brasil","Nonoai, floresta estacional de araucária","Rio Grande do Sul",-52.9967,-27.3583,"Araucaria angustifolia","NOME_ACEITO","Araucaria angustifolia","NT",NA,NA,"NT",2018,"Rio Grande do Sul",NA,NA,NA,NA,NA,NA,"Araucaria angustifolia",NA,"NeotropicTree"
"AtlRS027","Araucaria angustifolia","Brasil","Benjamin Constant, floresta estacional de araucária","Rio Grande do Sul",-52.5489,-27.5122,"Araucaria angustifolia","NOME_ACEITO","Araucaria angustifolia","NT",NA,NA,"NT",2018,"Rio Grande do Sul",NA,NA,NA,NA,NA,NA,"Araucaria angustifolia",NA,"NeotropicTree"
"AtlRS028","Araucaria angustifolia","Brasil","Erechim, floresta estacional de araucária","Rio Grande do Sul",-52.265,-27.6347,"Araucaria angustifolia","NOME_ACEITO","Araucaria angustifolia","NT",NA,NA,"NT",2018,"Rio Grande do Sul",NA,NA,NA,NA,NA,NA,"Araucaria angustifolia",NA,"NeotropicTree"
"AtlRS029","Araucaria angustifolia","Brasil","Barracão, floresta estacional de araucária","Rio Grande do Sul",-51.3983,-27.8383,"Araucaria angustifolia","NOME_ACEITO","Araucaria angustifolia","NT",NA,NA,"NT",2018,"Rio Grande do Sul",NA,NA,NA,NA,NA,NA,"Araucaria angustifolia",NA,"NeotropicTree"
"AtlRS030","Araucaria angustifolia","Brasil","Getúlio Vargas, floresta estacional de araucária","Rio Grande do Sul",-52.2081,-27.8986,"Araucaria angustifolia","NOME_ACEITO","Araucaria angustifolia","NT",NA,NA,"NT",2018,"Rio Grande do Sul",NA,NA,NA,NA,NA,NA,"Araucaria angustifolia",NA,"NeotropicTree"
"AtlRS031","Araucaria angustifolia","Brasil","Sarandi, floresta estacional de araucária","Rio Grande do Sul",-52.8283,-27.9058,"Araucaria angustifolia","NOME_ACEITO","Araucaria angustifolia","NT",NA,NA,"NT",2018,"Rio Grande do Sul",NA,NA,NA,NA,NA,NA,"Araucaria angustifolia",NA,"NeotropicTree"
"AtlRS032","Araucaria angustifolia","Brasil","Sananduva, floresta estacional de araucária","Rio Grande do Sul",-51.9308,-27.9183,"Araucaria angustifolia","NOME_ACEITO","Araucaria angustifolia","NT",NA,NA,"NT",2018,"Rio Grande do Sul",NA,NA,NA,NA,NA,NA,"Araucaria angustifolia",NA,"NeotropicTree"
"AtlRS033","Araucaria angustifolia","Brasil","Pinhal da Serra, floresta estacional de araucária","Rio Grande do Sul",-51.2914,-27.9533,"Araucaria angustifolia","NOME_ACEITO","Araucaria angustifolia","NT",NA,NA,"NT",2018,"Rio Grande do Sul",NA,NA,NA,NA,NA,NA,"Araucaria angustifolia",NA,"NeotropicTree"
"AtlRS034","Araucaria angustifolia","Brasil","Palmeira das Missões, floresta estacional de araucária","Rio Grande do Sul",-53.5203,-28.0028,"Araucaria angustifolia","NOME_ACEITO","Araucaria angustifolia","NT",NA,NA,"NT",2018,"Rio Grande do Sul",NA,NA,NA,NA,NA,NA,"Araucaria angustifolia",NA,"NeotropicTree"
"AtlRS035","Araucaria angustifolia","Brasil","Sertão, floresta estacional de araucária","Rio Grande do Sul",-52.2114,-28.0408,"Araucaria angustifolia","NOME_ACEITO","Araucaria angustifolia","NT",NA,NA,"NT",2018,"Rio Grande do Sul",NA,NA,NA,NA,NA,NA,"Araucaria angustifolia",NA,"NeotropicTree"
"AtlRS036","Araucaria angustifolia","Brasil","Passo Fundo, floresta estacional de araucária","Rio Grande do Sul",-52.3467,-28.0842,"Araucaria angustifolia","NOME_ACEITO","Araucaria angustifolia","NT",NA,NA,"NT",2018,"Rio Grande do Sul",NA,NA,NA,NA,NA,NA,"Araucaria angustifolia",NA,"NeotropicTree"
"AtlRS037","Araucaria angustifolia","Brasil","Lagoa Vermelha, floresta estacional de araucária","Rio Grande do Sul",-51.5881,-28.1142,"Araucaria angustifolia","NOME_ACEITO","Araucaria angustifolia","NT",NA,NA,"NT",2018,"Rio Grande do Sul",NA,NA,NA,NA,NA,NA,"Araucaria angustifolia",NA,"NeotropicTree"
"AtlRS038","Araucaria angustifolia","Brasil","Mato Castelhano, floresta estacional de araucária","Rio Grande do Sul",-52.1889,-28.2869,"Araucaria angustifolia","NOME_ACEITO","Araucaria angustifolia","NT",NA,NA,"NT",2018,"Rio Grande do Sul",NA,NA,NA,NA,NA,NA,"Araucaria angustifolia",NA,"NeotropicTree"
"AtlRS039","Araucaria angustifolia","Brasil","Bom Jesus, floresta estacional de araucária","Rio Grande do Sul",-50.5633,-28.4158,"Araucaria angustifolia","NOME_ACEITO","Araucaria angustifolia","NT",NA,NA,"NT",2018,"Rio Grande do Sul",NA,NA,NA,NA,NA,NA,"Araucaria angustifolia",NA,"NeotropicTree"
"AtlRS040","Araucaria angustifolia","Brasil","Muitos Capões, floresta estacional de araucária","Rio Grande do Sul",-51.2922,-28.4694,"Araucaria angustifolia","NOME_ACEITO","Araucaria angustifolia","NT",NA,NA,"NT",2018,"Rio Grande do Sul",NA,NA,NA,NA,NA,NA,"Araucaria angustifolia",NA,"NeotropicTree"
"AtlRS041","Araucaria angustifolia","Brasil","Ibiraiaras, floresta estacional de araucária","Rio Grande do Sul",-51.6036,-28.4744,"Araucaria angustifolia","NOME_ACEITO","Araucaria angustifolia","NT",NA,NA,"NT",2018,"Rio Grande do Sul",NA,NA,NA,NA,NA,NA,"Araucaria angustifolia",NA,"NeotropicTree"
"AtlRS042","Araucaria angustifolia","Brasil","Campestre da Serra, floresta estacional de araucária","Rio Grande do Sul",-51.3064,-28.6608,"Araucaria angustifolia","NOME_ACEITO","Araucaria angustifolia","NT",NA,NA,"NT",2018,"Rio Grande do Sul",NA,NA,NA,NA,NA,NA,"Araucaria angustifolia",NA,"NeotropicTree"
"AtlRS043","Araucaria angustifolia","Brasil","Vacaria, floresta estacional de araucária","Rio Grande do Sul",-50.9411,-28.6703,"Araucaria angustifolia","NOME_ACEITO","Araucaria angustifolia","NT",NA,NA,"NT",2018,"Rio Grande do Sul",NA,NA,NA,NA,NA,NA,"Araucaria angustifolia",NA,"NeotropicTree"
"AtlRS044","Araucaria angustifolia","Brasil","Nova Prata, floresta estacional de araucária","Rio Grande do Sul",-51.5878,-28.7558,"Araucaria angustifolia","NOME_ACEITO","Araucaria angustifolia","NT",NA,NA,"NT",2018,"Rio Grande do Sul",NA,NA,NA,NA,NA,NA,"Araucaria angustifolia",NA,"NeotropicTree"
"AtlRS045","Araucaria angustifolia","Brasil","Arroio Garrafa, floresta estacional de araucária","Rio Grande do Sul",-50.2878,-28.9225,"Araucaria angustifolia","NOME_ACEITO","Araucaria angustifolia","NT",NA,NA,"NT",2018,"Rio Grande do Sul",NA,NA,NA,NA,NA,NA,"Araucaria angustifolia",NA,"NeotropicTree"
"AtlRS046","Araucaria angustifolia","Brasil","Criúva a São Marcos, floresta estacional de araucária","Rio Grande do Sul",-50.9558,-29.0103,"Araucaria angustifolia","NOME_ACEITO","Araucaria angustifolia","NT",NA,NA,"NT",2018,"Rio Grande do Sul",NA,NA,NA,NA,NA,NA,"Araucaria angustifolia",NA,"NeotropicTree"
"AtlRS047","Araucaria angustifolia","Brasil","Caxias do Sul, floresta estacional de araucária","Rio Grande do Sul",-51.2014,-29.0225,"Araucaria angustifolia","NOME_ACEITO","Araucaria angustifolia","NT",NA,NA,"NT",2018,"Rio Grande do Sul",NA,NA,NA,NA,NA,NA,"Araucaria angustifolia",NA,"NeotropicTree"
"AtlRS048","Araucaria angustifolia","Brasil","Boqueirão do Leão, floresta estacional de araucária","Rio Grande do Sul",-52.4311,-29.2703,"Araucaria angustifolia","NOME_ACEITO","Araucaria angustifolia","NT",NA,NA,"NT",2018,"Rio Grande do Sul",NA,NA,NA,NA,NA,NA,"Araucaria angustifolia",NA,"NeotropicTree"
"AtlRS049","Araucaria angustifolia","Brasil","Parque do Caracol, floresta estacional de araucária","Rio Grande do Sul",-50.845,-29.3167,"Araucaria angustifolia","NOME_ACEITO","Araucaria angustifolia","NT",NA,NA,"NT",2018,"Rio Grande do Sul",NA,NA,NA,NA,NA,NA,"Araucaria angustifolia",NA,"NeotropicTree"
"AtlRS050","Araucaria angustifolia","Brasil","Esmeralda, floresta estacional de araucária","Rio Grande do Sul",-51.1686,-28.225,"Araucaria angustifolia","NOME_ACEITO","Araucaria angustifolia","NT",NA,NA,"NT",2018,"Rio Grande do Sul",NA,NA,NA,NA,NA,NA,"Araucaria angustifolia",NA,"NeotropicTree"
"AtlRS051","Araucaria angustifolia","Brasil","Monte Alegre dos Campos, floresta estacional de araucária","Rio Grande do Sul",-50.6756,-28.6439,"Araucaria angustifolia","NOME_ACEITO","Araucaria angustifolia","NT",NA,NA,"NT",2018,"Rio Grande do Sul",NA,NA,NA,NA,NA,NA,"Araucaria angustifolia",NA,"NeotropicTree"
"AtlRS052","Araucaria angustifolia","Brasil","Rio das Antas, floresta estacional de araucária","Rio Grande do Sul",-50.6744,-28.9275,"Araucaria angustifolia","NOME_ACEITO","Araucaria angustifolia","NT",NA,NA,"NT",2018,"Rio Grande do Sul",NA,NA,NA,NA,NA,NA,"Araucaria angustifolia",NA,"NeotropicTree"
"AtlRS053","Araucaria angustifolia","Brasil","Várzea do Cedro, floresta estacional de araucária","Rio Grande do Sul",-50.5367,-29.2342,"Araucaria angustifolia","NOME_ACEITO","Araucaria angustifolia","NT",NA,NA,"NT",2018,"Rio Grande do Sul",NA,NA,NA,NA,NA,NA,"Araucaria angustifolia",NA,"NeotropicTree"
"AtlRS082","Araucaria angustifolia","Brasil","Sinimbu, floresta semidecídua","Rio Grande do Sul",-52.5447,-29.4064,"Araucaria angustifolia","NOME_ACEITO","Araucaria angustifolia","NT",NA,NA,"NT",2018,"Rio Grande do Sul",NA,NA,NA,NA,NA,NA,"Araucaria angustifolia",NA,"NeotropicTree"
"AtlRS102","Araucaria angustifolia","Brasil","Encruzilhada do Sul, floresta semidecídua","Rio Grande do Sul",-52.68,-30.4906,"Araucaria angustifolia","NOME_ACEITO","Araucaria angustifolia","NT",NA,NA,"NT",2018,"Rio Grande do Sul",NA,NA,NA,NA,NA,NA,"Araucaria angustifolia",NA,"NeotropicTree"
"AtlRS136","Araucaria angustifolia","Brasil","Veranópolis, floresta semidecídua","Rio Grande do Sul",-51.5189,-27.9081,"Araucaria angustifolia","NOME_ACEITO","Araucaria angustifolia","NT",NA,NA,"NT",2018,"Rio Grande do Sul",NA,NA,NA,NA,NA,NA,"Araucaria angustifolia",NA,"NeotropicTree"
"AtlSC105","Araucaria angustifolia","Brasil","Rancho Queimado, floresta nebular","Santa Catarina",-49.1497,-27.6281,"Araucaria angustifolia","NOME_ACEITO","Araucaria angustifolia","NT",NA,NA,"NT",2018,"Santa Catarina",NA,NA,NA,NA,NA,NA,"Araucaria angustifolia",NA,"NeotropicTree"
"AtlSC108","Araucaria angustifolia","Brasil","Serra dos Alves, nanofloresta rupícola","Santa Catarina",-49.7706,-27.54,"Araucaria angustifolia","NOME_ACEITO","Araucaria angustifolia","NT",NA,NA,"NT",2018,"Santa Catarina",NA,NA,NA,NA,NA,NA,"Araucaria angustifolia",NA,"NeotropicTree"
"AtlSC114","Araucaria angustifolia","Brasil","Campo Alegre, floresta pluvial de araucária","Santa Catarina",-49.2286,-26.0989,"Araucaria angustifolia","NOME_ACEITO","Araucaria angustifolia","NT",NA,NA,"NT",2018,"Santa Catarina",NA,NA,NA,NA,NA,NA,"Araucaria angustifolia",NA,"NeotropicTree"
"AtlSC115","Araucaria angustifolia","Brasil","Itaiópolis, floresta pluvial de araucária","Santa Catarina",-50.04,-26.37,"Araucaria angustifolia","NOME_ACEITO","Araucaria angustifolia","NT",NA,NA,"NT",2018,"Santa Catarina",NA,NA,NA,NA,NA,NA,"Araucaria angustifolia",NA,"NeotropicTree"
"AtlSC116","Araucaria angustifolia","Brasil","Monte Castelo, floresta pluvial de araucária","Santa Catarina",-50.2728,-26.4283,"Araucaria angustifolia","NOME_ACEITO","Araucaria angustifolia","NT",NA,NA,"NT",2018,"Santa Catarina",NA,NA,NA,NA,NA,NA,"Araucaria angustifolia",NA,"NeotropicTree"
"AtlSC117","Araucaria angustifolia","Brasil","Rio Negrinho, floresta pluvial de araucária","Santa Catarina",-49.5906,-26.4597,"Araucaria angustifolia","NOME_ACEITO","Araucaria angustifolia","NT",NA,NA,"NT",2018,"Santa Catarina",NA,NA,NA,NA,NA,NA,"Araucaria angustifolia",NA,"NeotropicTree"
"AtlSC118","Araucaria angustifolia","Brasil","Major Vieira, floresta pluvial de araucária","Santa Catarina",-50.3997,-26.5478,"Araucaria angustifolia","NOME_ACEITO","Araucaria angustifolia","NT",NA,NA,"NT",2018,"Santa Catarina",NA,NA,NA,NA,NA,NA,"Araucaria angustifolia",NA,"NeotropicTree"
"AtlSC119","Araucaria angustifolia","Brasil","Papanduva, floresta pluvial de araucária","Santa Catarina",-50.13,-26.64,"Araucaria angustifolia","NOME_ACEITO","Araucaria angustifolia","NT",NA,NA,"NT",2018,"Santa Catarina",NA,NA,NA,NA,NA,NA,"Araucaria angustifolia",NA,"NeotropicTree"
"AtlSC120","Araucaria angustifolia","Brasil","Rio do Campo, floresta pluvial de araucária","Santa Catarina",-50.0375,-26.8186,"Araucaria angustifolia","NOME_ACEITO","Araucaria angustifolia","NT",NA,NA,"NT",2018,"Santa Catarina",NA,NA,NA,NA,NA,NA,"Araucaria angustifolia",NA,"NeotropicTree"
"AtlSC121","Araucaria angustifolia","Brasil","Mirim Doce, floresta pluvial de araucária","Santa Catarina",-50.2178,-27.1825,"Araucaria angustifolia","NOME_ACEITO","Araucaria angustifolia","NT",NA,NA,"NT",2018,"Santa Catarina",NA,NA,NA,NA,NA,NA,"Araucaria angustifolia",NA,"NeotropicTree"
"AtlSC122","Araucaria angustifolia","Brasil","Otacílio Costa, floresta pluvial de araucária","Santa Catarina",-50.0383,-27.3614,"Araucaria angustifolia","NOME_ACEITO","Araucaria angustifolia","NT",NA,NA,"NT",2018,"Santa Catarina",NA,NA,NA,NA,NA,NA,"Araucaria angustifolia",NA,"NeotropicTree"
"AtlSC123","Araucaria angustifolia","Brasil","Chapadão do Lajeado, floresta pluvial de araucária","Santa Catarina",-49.59,-27.63,"Araucaria angustifolia","NOME_ACEITO","Araucaria angustifolia","NT",NA,NA,"NT",2018,"Santa Catarina",NA,NA,NA,NA,NA,NA,"Araucaria angustifolia",NA,"NeotropicTree"
"AtlSC124","Araucaria angustifolia","Brasil","São Bonifácio, floresta pluvial de araucária","Santa Catarina",-48.8719,-27.8983,"Araucaria angustifolia","NOME_ACEITO","Araucaria angustifolia","NT",NA,NA,"NT",2018,"Santa Catarina",NA,NA,NA,NA,NA,NA,"Araucaria angustifolia",NA,"NeotropicTree"
"AtlSC125","Araucaria angustifolia","Brasil","São Bento do Sul, floresta nebular de araucária","Santa Catarina",-49.2283,-26.2781,"Araucaria angustifolia","NOME_ACEITO","Araucaria angustifolia","NT",NA,NA,"NT",2018,"Santa Catarina",NA,NA,NA,NA,NA,NA,"Araucaria angustifolia",NA,"NeotropicTree"
"AtlSC126","Araucaria angustifolia","Brasil","Avencal Mato Preto, floresta nebular de araucária","Santa Catarina",-49.6814,-26.2794,"Araucaria angustifolia","NOME_ACEITO","Araucaria angustifolia","NT",NA,NA,"NT",2018,"Santa Catarina",NA,NA,NA,NA,NA,NA,"Araucaria angustifolia",NA,"NeotropicTree"
"AtlSC127","Araucaria angustifolia","Brasil","Moema, floresta nebular de araucária","Santa Catarina",-49.7708,-26.5497,"Araucaria angustifolia","NOME_ACEITO","Araucaria angustifolia","NT",NA,NA,"NT",2018,"Santa Catarina",NA,NA,NA,NA,NA,NA,"Araucaria angustifolia",NA,"NeotropicTree"
"AtlSC128","Araucaria angustifolia","Brasil","Santa Cecília, floresta nebular de araucária","Santa Catarina",-50.3103,-27.0003,"Araucaria angustifolia","NOME_ACEITO","Araucaria angustifolia","NT",NA,NA,"NT",2018,"Santa Catarina",NA,NA,NA,NA,NA,NA,"Araucaria angustifolia",NA,"NeotropicTree"
"AtlSC129","Araucaria angustifolia","Brasil","Ponte Alta, floresta nebular de araucária","Santa Catarina",-50.2336,-27.3611,"Araucaria angustifolia","NOME_ACEITO","Araucaria angustifolia","NT",NA,NA,"NT",2018,"Santa Catarina",NA,NA,NA,NA,NA,NA,"Araucaria angustifolia",NA,"NeotropicTree"
"AtlSC130","Araucaria angustifolia","Brasil","Bom Retiro, floresta nebular de araucária","Santa Catarina",-49.59,-27.81,"Araucaria angustifolia","NOME_ACEITO","Araucaria angustifolia","NT",NA,NA,"NT",2018,"Santa Catarina",NA,NA,NA,NA,NA,NA,"Araucaria angustifolia",NA,"NeotropicTree"
"AtlSC131","Araucaria angustifolia","Brasil","Bocaina do Sul, floresta nebular de araucária","Santa Catarina",-49.9497,-27.81,"Araucaria angustifolia","NOME_ACEITO","Araucaria angustifolia","NT",NA,NA,"NT",2018,"Santa Catarina",NA,NA,NA,NA,NA,NA,"Araucaria angustifolia",NA,"NeotropicTree"
"AtlSC132","Araucaria angustifolia","Brasil","Alfredo Wagner, floresta nebular de araucária","Santa Catarina",-49.3222,-27.8117,"Araucaria angustifolia","NOME_ACEITO","Araucaria angustifolia","NT",NA,NA,"NT",2018,"Santa Catarina",NA,NA,NA,NA,NA,NA,"Araucaria angustifolia",NA,"NeotropicTree"
"AtlSC133","Araucaria angustifolia","Brasil","São Pedro de Urubici, floresta nebular de araucária","Santa Catarina",-49.4094,-28.0803,"Araucaria angustifolia","NOME_ACEITO","Araucaria angustifolia","NT",NA,NA,"NT",2018,"Santa Catarina",NA,NA,NA,NA,NA,NA,"Araucaria angustifolia",NA,"NeotropicTree"
"AtlSC134","Araucaria angustifolia","Brasil","São Joaquim, floresta nebular de araucária","Santa Catarina",-49.8589,-28.4381,"Araucaria angustifolia","NOME_ACEITO","Araucaria angustifolia","NT",NA,NA,"NT",2018,"Santa Catarina",NA,NA,NA,NA,NA,NA,"Araucaria angustifolia",NA,"NeotropicTree"
"AtlSC135","Araucaria angustifolia","Brasil","Lages, floresta nebular de araucária","Santa Catarina",-50.125,-27.8169,"Araucaria angustifolia","NOME_ACEITO","Araucaria angustifolia","NT",NA,NA,"NT",2018,"Santa Catarina",NA,NA,NA,NA,NA,NA,"Araucaria angustifolia",NA,"NeotropicTree"
"AtlSC136","Araucaria angustifolia","Brasil","Urupema, floresta nebular de araucária","Santa Catarina",-49.8822,-27.9028,"Araucaria angustifolia","NOME_ACEITO","Araucaria angustifolia","NT",NA,NA,"NT",2018,"Santa Catarina",NA,NA,NA,NA,NA,NA,"Araucaria angustifolia",NA,"NeotropicTree"
"AtlSC137","Araucaria angustifolia","Brasil","Urubici, floresta nebular de araucária","Santa Catarina",-49.68,-28.1692,"Araucaria angustifolia","NOME_ACEITO","Araucaria angustifolia","NT",NA,NA,"NT",2018,"Santa Catarina",NA,NA,NA,NA,NA,NA,"Araucaria angustifolia",NA,"NeotropicTree"
"AtlSC138","Araucaria angustifolia","Brasil","Quinta Santa Maria, floresta nebular de araucária","Santa Catarina",-49.8619,-28.1692,"Araucaria angustifolia","NOME_ACEITO","Araucaria angustifolia","NT",NA,NA,"NT",2018,"Santa Catarina",NA,NA,NA,NA,NA,NA,"Araucaria angustifolia",NA,"NeotropicTree"
"AtlSC139","Araucaria angustifolia","Brasil","Bom Jardim da Serra, floresta nebular de araucária","Santa Catarina",-49.6211,-28.3494,"Araucaria angustifolia","NOME_ACEITO","Araucaria angustifolia","NT",NA,NA,"NT",2018,"Santa Catarina",NA,NA,NA,NA,NA,NA,"Araucaria angustifolia",NA,"NeotropicTree"
"AtlSC140","Araucaria angustifolia","Brasil","Mafra, floresta estacional de araucária","Santa Catarina",-50.1328,-26.1031,"Araucaria angustifolia","NOME_ACEITO","Araucaria angustifolia","NT",NA,NA,"NT",2018,"Santa Catarina",NA,NA,NA,NA,NA,NA,"Araucaria angustifolia",NA,"NeotropicTree"
"AtlSC141","Araucaria angustifolia","Brasil","Canoinhas, floresta estacional de araucária","Santa Catarina",-50.4911,-26.1906,"Araucaria angustifolia","NOME_ACEITO","Araucaria angustifolia","NT",NA,NA,"NT",2018,"Santa Catarina",NA,NA,NA,NA,NA,NA,"Araucaria angustifolia",NA,"NeotropicTree"
"AtlSC142","Araucaria angustifolia","Brasil","Três Barras, floresta estacional de araucária","Santa Catarina",-50.2289,-26.2472,"Araucaria angustifolia","NOME_ACEITO","Araucaria angustifolia","NT",NA,NA,"NT",2018,"Santa Catarina",NA,NA,NA,NA,NA,NA,"Araucaria angustifolia",NA,"NeotropicTree"
"AtlSC143","Araucaria angustifolia","Brasil","Porto União, floresta estacional de araucária","Santa Catarina",-51.0614,-26.27,"Araucaria angustifolia","NOME_ACEITO","Araucaria angustifolia","NT",NA,NA,"NT",2018,"Santa Catarina",NA,NA,NA,NA,NA,NA,"Araucaria angustifolia",NA,"NeotropicTree"
"AtlSC144","Araucaria angustifolia","Brasil","Dionísio Cerqueira, floresta estacional de araucária","Santa Catarina",-53.6403,-26.2797,"Araucaria angustifolia","NOME_ACEITO","Araucaria angustifolia","NT",NA,NA,"NT",2018,"Santa Catarina",NA,NA,NA,NA,NA,NA,"Araucaria angustifolia",NA,"NeotropicTree"
"AtlSC145","Araucaria angustifolia","Brasil","Palma Sola, floresta estacional de araucária","Santa Catarina",-53.2939,-26.3286,"Araucaria angustifolia","NOME_ACEITO","Araucaria angustifolia","NT",NA,NA,"NT",2018,"Santa Catarina",NA,NA,NA,NA,NA,NA,"Araucaria angustifolia",NA,"NeotropicTree"
"AtlSC146","Araucaria angustifolia","Brasil","Irineópolis, floresta estacional de araucária","Santa Catarina",-50.7658,-26.3731,"Araucaria angustifolia","NOME_ACEITO","Araucaria angustifolia","NT",NA,NA,"NT",2018,"Santa Catarina",NA,NA,NA,NA,NA,NA,"Araucaria angustifolia",NA,"NeotropicTree"
"AtlSC147","Araucaria angustifolia","Brasil","São Domingos, floresta estacional de araucária","Santa Catarina",-52.5642,-26.4606,"Araucaria angustifolia","NOME_ACEITO","Araucaria angustifolia","NT",NA,NA,"NT",2018,"Santa Catarina",NA,NA,NA,NA,NA,NA,"Araucaria angustifolia",NA,"NeotropicTree"
"AtlSC148","Araucaria angustifolia","Brasil","São Lourenço do Oeste, floresta estacional de araucária","Santa Catarina",-52.8408,-26.4636,"Araucaria angustifolia","NOME_ACEITO","Araucaria angustifolia","NT",NA,NA,"NT",2018,"Santa Catarina",NA,NA,NA,NA,NA,NA,"Araucaria angustifolia",NA,"NeotropicTree"
"AtlSC149","Araucaria angustifolia","Brasil","Quilombo, floresta estacional de araucária","Santa Catarina",-52.74,-26.73,"Araucaria angustifolia","NOME_ACEITO","Araucaria angustifolia","NT",NA,NA,"NT",2018,"Santa Catarina",NA,NA,NA,NA,NA,NA,"Araucaria angustifolia",NA,"NeotropicTree"
"AtlSC150","Araucaria angustifolia","Brasil","Xanxerê, floresta estacional de araucária","Santa Catarina",-52.4703,-26.8197,"Araucaria angustifolia","NOME_ACEITO","Araucaria angustifolia","NT",NA,NA,"NT",2018,"Santa Catarina",NA,NA,NA,NA,NA,NA,"Araucaria angustifolia",NA,"NeotropicTree"
"AtlSC151","Araucaria angustifolia","Brasil","Faxinal dos Guedes, floresta estacional de araucária","Santa Catarina",-52.2942,-26.8222,"Araucaria angustifolia","NOME_ACEITO","Araucaria angustifolia","NT",NA,NA,"NT",2018,"Santa Catarina",NA,NA,NA,NA,NA,NA,"Araucaria angustifolia",NA,"NeotropicTree"
"AtlSC152","Araucaria angustifolia","Brasil","Fraiburgo, floresta estacional de araucária","Santa Catarina",-50.6714,-27.0886,"Araucaria angustifolia","NOME_ACEITO","Araucaria angustifolia","NT",NA,NA,"NT",2018,"Santa Catarina",NA,NA,NA,NA,NA,NA,"Araucaria angustifolia",NA,"NeotropicTree"
"AtlSC153","Araucaria angustifolia","Brasil","Joaçaba, floresta estacional de araucária","Santa Catarina",-51.6125,-27.1794,"Araucaria angustifolia","NOME_ACEITO","Araucaria angustifolia","NT",NA,NA,"NT",2018,"Santa Catarina",NA,NA,NA,NA,NA,NA,"Araucaria angustifolia",NA,"NeotropicTree"
"AtlSC154","Araucaria angustifolia","Brasil","Erval Velho, floresta estacional de araucária","Santa Catarina",-51.3881,-27.2697,"Araucaria angustifolia","NOME_ACEITO","Araucaria angustifolia","NT",NA,NA,"NT",2018,"Santa Catarina",NA,NA,NA,NA,NA,NA,"Araucaria angustifolia",NA,"NeotropicTree"
"AtlSC155","Araucaria angustifolia","Brasil","Piratuba, floresta estacional de araucária","Santa Catarina",-51.7061,-27.405,"Araucaria angustifolia","NOME_ACEITO","Araucaria angustifolia","NT",NA,NA,"NT",2018,"Santa Catarina",NA,NA,NA,NA,NA,NA,"Araucaria angustifolia",NA,"NeotropicTree"
"AtlSC156","Araucaria angustifolia","Brasil","São José do Cerrito, floresta estacional de araucária","Santa Catarina",-50.7617,-27.4508,"Araucaria angustifolia","NOME_ACEITO","Araucaria angustifolia","NT",NA,NA,"NT",2018,"Santa Catarina",NA,NA,NA,NA,NA,NA,"Araucaria angustifolia",NA,"NeotropicTree"
"AtlSC157","Araucaria angustifolia","Brasil","Usina Garibaldi, floresta estacional de araucária","Santa Catarina",-50.9364,-27.5728,"Araucaria angustifolia","NOME_ACEITO","Araucaria angustifolia","NT",NA,NA,"NT",2018,"Santa Catarina",NA,NA,NA,NA,NA,NA,"Araucaria angustifolia",NA,"NeotropicTree"
"AtlSC158","Araucaria angustifolia","Brasil","Correia Pinto, floresta estacional de araucária","Santa Catarina",-50.22,-27.6308,"Araucaria angustifolia","NOME_ACEITO","Araucaria angustifolia","NT",NA,NA,"NT",2018,"Santa Catarina",NA,NA,NA,NA,NA,NA,"Araucaria angustifolia",NA,"NeotropicTree"
"AtlSC159","Araucaria angustifolia","Brasil","Rio Canoas, floresta estacional de araucária","Santa Catarina",-51.1628,-27.6333,"Araucaria angustifolia","NOME_ACEITO","Araucaria angustifolia","NT",NA,NA,"NT",2018,"Santa Catarina",NA,NA,NA,NA,NA,NA,"Araucaria angustifolia",NA,"NeotropicTree"
"AtlSC160","Araucaria angustifolia","Brasil","Cerro Negro, floresta estacional de araucária","Santa Catarina",-51.0336,-27.9019,"Araucaria angustifolia","NOME_ACEITO","Araucaria angustifolia","NT",NA,NA,"NT",2018,"Santa Catarina",NA,NA,NA,NA,NA,NA,"Araucaria angustifolia",NA,"NeotropicTree"
"AtlSC161","Araucaria angustifolia","Brasil","Florestal Gateados, floresta estacional de araucária","Santa Catarina",-50.8497,-28.035,"Araucaria angustifolia","NOME_ACEITO","Araucaria angustifolia","NT",NA,NA,"NT",2018,"Santa Catarina",NA,NA,NA,NA,NA,NA,"Araucaria angustifolia",NA,"NeotropicTree"
"AtlSC162","Araucaria angustifolia","Brasil","Capão Alto, floresta estacional de araucária","Santa Catarina",-50.7161,-28.2142,"Araucaria angustifolia","NOME_ACEITO","Araucaria angustifolia","NT",NA,NA,"NT",2018,"Santa Catarina",NA,NA,NA,NA,NA,NA,"Araucaria angustifolia",NA,"NeotropicTree"
"AtlSC163","Araucaria angustifolia","Brasil","Vale da Morte, floresta estacional de araucária","Santa Catarina",-50.5803,-26.3814,"Araucaria angustifolia","NOME_ACEITO","Araucaria angustifolia","NT",NA,NA,"NT",2018,"Santa Catarina",NA,NA,NA,NA,NA,NA,"Araucaria angustifolia",NA,"NeotropicTree"
"AtlSC164","Araucaria angustifolia","Brasil","Matos Costa, floresta estacional de araucária","Santa Catarina",-51.03,-26.46,"Araucaria angustifolia","NOME_ACEITO","Araucaria angustifolia","NT",NA,NA,"NT",2018,"Santa Catarina",NA,NA,NA,NA,NA,NA,"Araucaria angustifolia",NA,"NeotropicTree"
"AtlSC165","Araucaria angustifolia","Brasil","Abelardo Luz, floresta estacional de araucária","Santa Catarina",-52.1089,-26.5503,"Araucaria angustifolia","NOME_ACEITO","Araucaria angustifolia","NT",NA,NA,"NT",2018,"Santa Catarina",NA,NA,NA,NA,NA,NA,"Araucaria angustifolia",NA,"NeotropicTree"
"AtlSC166","Araucaria angustifolia","Brasil","Passos Maia, floresta estacional de araucária","Santa Catarina",-51.9303,-26.64,"Araucaria angustifolia","NOME_ACEITO","Araucaria angustifolia","NT",NA,NA,"NT",2018,"Santa Catarina",NA,NA,NA,NA,NA,NA,"Araucaria angustifolia",NA,"NeotropicTree"
"AtlSC167","Araucaria angustifolia","Brasil","Água Doce, floresta estacional de araucária","Santa Catarina",-51.5728,-26.6417,"Araucaria angustifolia","NOME_ACEITO","Araucaria angustifolia","NT",NA,NA,"NT",2018,"Santa Catarina",NA,NA,NA,NA,NA,NA,"Araucaria angustifolia",NA,"NeotropicTree"
"AtlSC168","Araucaria angustifolia","Brasil","Lebon Régis, floresta estacional de araucária","Santa Catarina",-50.6708,-26.7303,"Araucaria angustifolia","NOME_ACEITO","Araucaria angustifolia","NT",NA,NA,"NT",2018,"Santa Catarina",NA,NA,NA,NA,NA,NA,"Araucaria angustifolia",NA,"NeotropicTree"
"AtlSC169","Araucaria angustifolia","Brasil","Serra Azul, floresta estacional de araucária","Santa Catarina",-51.1189,-26.7319,"Araucaria angustifolia","NOME_ACEITO","Araucaria angustifolia","NT",NA,NA,"NT",2018,"Santa Catarina",NA,NA,NA,NA,NA,NA,"Araucaria angustifolia",NA,"NeotropicTree"
"AtlSC170","Araucaria angustifolia","Brasil","Ponte Serrada, floresta estacional de araucária","Santa Catarina",-52.0169,-26.82,"Araucaria angustifolia","NOME_ACEITO","Araucaria angustifolia","NT",NA,NA,"NT",2018,"Santa Catarina",NA,NA,NA,NA,NA,NA,"Araucaria angustifolia",NA,"NeotropicTree"
"AtlSC171","Araucaria angustifolia","Brasil","Caçador, floresta estacional de araucária","Santa Catarina",-50.9639,-26.8611,"Araucaria angustifolia","NOME_ACEITO","Araucaria angustifolia","NT",NA,NA,"NT",2018,"Santa Catarina",NA,NA,NA,NA,NA,NA,"Araucaria angustifolia",NA,"NeotropicTree"
"AtlSC172","Araucaria angustifolia","Brasil","Salto Veloso, floresta estacional de araucária","Santa Catarina",-51.3883,-26.9072,"Araucaria angustifolia","NOME_ACEITO","Araucaria angustifolia","NT",NA,NA,"NT",2018,"Santa Catarina",NA,NA,NA,NA,NA,NA,"Araucaria angustifolia",NA,"NeotropicTree"
"AtlSC173","Araucaria angustifolia","Brasil","Irani, floresta estacional de araucária","Santa Catarina",-51.9319,-27.0014,"Araucaria angustifolia","NOME_ACEITO","Araucaria angustifolia","NT",NA,NA,"NT",2018,"Santa Catarina",NA,NA,NA,NA,NA,NA,"Araucaria angustifolia",NA,"NeotropicTree"
"AtlSC174","Araucaria angustifolia","Brasil","Catanduvas, floresta estacional de araucária","Santa Catarina",-51.5722,-27.0897,"Araucaria angustifolia","NOME_ACEITO","Araucaria angustifolia","NT",NA,NA,"NT",2018,"Santa Catarina",NA,NA,NA,NA,NA,NA,"Araucaria angustifolia",NA,"NeotropicTree"
"AtlSC175","Araucaria angustifolia","Brasil","Tangará, floresta estacional de araucária","Santa Catarina",-51.2092,-27.0908,"Araucaria angustifolia","NOME_ACEITO","Araucaria angustifolia","NT",NA,NA,"NT",2018,"Santa Catarina",NA,NA,NA,NA,NA,NA,"Araucaria angustifolia",NA,"NeotropicTree"
"AtlSC176","Araucaria angustifolia","Brasil","Monte Carlo, floresta estacional de araucária","Santa Catarina",-51.0211,-27.1975,"Araucaria angustifolia","NOME_ACEITO","Araucaria angustifolia","NT",NA,NA,"NT",2018,"Santa Catarina",NA,NA,NA,NA,NA,NA,"Araucaria angustifolia",NA,"NeotropicTree"
"AtlSC177","Araucaria angustifolia","Brasil","Curitibanos, floresta estacional de araucária","Santa Catarina",-50.5808,-27.3592,"Araucaria angustifolia","NOME_ACEITO","Araucaria angustifolia","NT",NA,NA,"NT",2018,"Santa Catarina",NA,NA,NA,NA,NA,NA,"Araucaria angustifolia",NA,"NeotropicTree"
"AtlSC178","Araucaria angustifolia","Brasil","Campos Novos, floresta estacional de araucária","Santa Catarina",-51.1778,-27.3817,"Araucaria angustifolia","NOME_ACEITO","Araucaria angustifolia","NT",NA,NA,"NT",2018,"Santa Catarina",NA,NA,NA,NA,NA,NA,"Araucaria angustifolia",NA,"NeotropicTree"
"AtlSC179","Araucaria angustifolia","Brasil","Vargem, floresta estacional de araucária","Santa Catarina",-50.9408,-27.4494,"Araucaria angustifolia","NOME_ACEITO","Araucaria angustifolia","NT",NA,NA,"NT",2018,"Santa Catarina",NA,NA,NA,NA,NA,NA,"Araucaria angustifolia",NA,"NeotropicTree"
"AtlSC180","Araucaria angustifolia","Brasil","Faxinal dos Ferreira, floresta estacional de araucária","Santa Catarina",-50.5786,-27.6319,"Araucaria angustifolia","NOME_ACEITO","Araucaria angustifolia","NT",NA,NA,"NT",2018,"Santa Catarina",NA,NA,NA,NA,NA,NA,"Araucaria angustifolia",NA,"NeotropicTree"
"AtlSC181","Araucaria angustifolia","Brasil","Anita Garibaldi, floresta estacional de araucária","Santa Catarina",-51.1172,-27.7169,"Araucaria angustifolia","NOME_ACEITO","Araucaria angustifolia","NT",NA,NA,"NT",2018,"Santa Catarina",NA,NA,NA,NA,NA,NA,"Araucaria angustifolia",NA,"NeotropicTree"
"AtlSC182","Araucaria angustifolia","Brasil","Campo Belo do Sul, floresta estacional de araucária","Santa Catarina",-50.8164,-27.8358,"Araucaria angustifolia","NOME_ACEITO","Araucaria angustifolia","NT",NA,NA,"NT",2018,"Santa Catarina",NA,NA,NA,NA,NA,NA,"Araucaria angustifolia",NA,"NeotropicTree"
"AtlSC183","Araucaria angustifolia","Brasil","Fazenda dos Morais, floresta estacional de araucária","Santa Catarina",-50.5794,-27.9014,"Araucaria angustifolia","NOME_ACEITO","Araucaria angustifolia","NT",NA,NA,"NT",2018,"Santa Catarina",NA,NA,NA,NA,NA,NA,"Araucaria angustifolia",NA,"NeotropicTree"
"AtlSC184","Araucaria angustifolia","Brasil","Coxilha Rica, floresta estacional de araucária","Santa Catarina",-50.2358,-28.1997,"Araucaria angustifolia","NOME_ACEITO","Araucaria angustifolia","NT",NA,NA,"NT",2018,"Santa Catarina",NA,NA,NA,NA,NA,NA,"Araucaria angustifolia",NA,"NeotropicTree"
"AtlSC185","Araucaria angustifolia","Brasil","São João de Pelotas, floresta estacional de araucária","Santa Catarina",-50.4,-28.3503,"Araucaria angustifolia","NOME_ACEITO","Araucaria angustifolia","NT",NA,NA,"NT",2018,"Santa Catarina",NA,NA,NA,NA,NA,NA,"Araucaria angustifolia",NA,"NeotropicTree"
"AtlSC197","Araucaria angustifolia","Brasil","Coronel Freitas, floresta semidecídua","Santa Catarina",-52.74,-26.955,"Araucaria angustifolia","NOME_ACEITO","Araucaria angustifolia","NT",NA,NA,"NT",2018,"Santa Catarina",NA,NA,NA,NA,NA,NA,"Araucaria angustifolia",NA,"NeotropicTree"
"AtlSP046","Araucaria angustifolia","Brasil","Salesópolis, floresta pluvial","São Paulo",-45.8311,-23.5686,"Araucaria angustifolia","NOME_ACEITO","Araucaria angustifolia","NT",NA,NA,"NT",2018,"São Paulo",NA,NA,NA,NA,NA,NA,"Araucaria angustifolia",NA,"NeotropicTree"
"AtlSP072","Araucaria angustifolia","Brasil","Serra do Japi, floresta nebular","São Paulo",-46.9681,-23.2675,"Araucaria angustifolia","NOME_ACEITO","Araucaria angustifolia","NT",NA,NA,"NT",2018,"São Paulo",NA,NA,NA,NA,NA,NA,"Araucaria angustifolia",NA,"NeotropicTree"
"AtlSP077","Araucaria angustifolia","Brasil","Itapeva, floresta nebular","São Paulo",-49.0544,-24.1347,"Araucaria angustifolia","NOME_ACEITO","Araucaria angustifolia","NT",NA,NA,"NT",2018,"São Paulo",NA,NA,NA,NA,NA,NA,"Araucaria angustifolia",NA,"NeotropicTree"
"AtlSP086","Araucaria angustifolia","Brasil","Campos do Jordão, floresta nebular de araucária","São Paulo",-45.6217,-22.7661,"Araucaria angustifolia","NOME_ACEITO","Araucaria angustifolia","NT",NA,NA,"NT",2018,"São Paulo",NA,NA,NA,NA,NA,NA,"Araucaria angustifolia",NA,"NeotropicTree"
"AtlSP087","Araucaria angustifolia","Brasil","Bom Sucesso de Itararé, floresta nebular de araucária","São Paulo",-49.1303,-24.2381,"Araucaria angustifolia","NOME_ACEITO","Araucaria angustifolia","NT",NA,NA,"NT",2018,"São Paulo",NA,NA,NA,NA,NA,NA,"Araucaria angustifolia",NA,"NeotropicTree"
"AtlSP095","Araucaria angustifolia","Brasil","Riversul, floresta estacional de araucária","São Paulo",-49.4575,-23.8781,"Araucaria angustifolia","NOME_ACEITO","Araucaria angustifolia","NT",NA,NA,"NT",2018,"São Paulo",NA,NA,NA,NA,NA,NA,"Araucaria angustifolia",NA,"NeotropicTree"
"AtlSP180","Araucaria angustifolia","Brasil","Amparo, floresta semidecídua","São Paulo",-46.6675,-22.6894,"Araucaria angustifolia","NOME_ACEITO","Araucaria angustifolia","NT",NA,NA,"NT",2018,"São Paulo",NA,NA,NA,NA,NA,NA,"Araucaria angustifolia",NA,"NeotropicTree"
"AtlSP188","Araucaria angustifolia","Brasil","Iperó, floresta semidecídua","São Paulo",-47.6411,-23.3189,"Araucaria angustifolia","NOME_ACEITO","Araucaria angustifolia","NT",NA,NA,"NT",2018,"São Paulo",NA,NA,NA,NA,NA,NA,"Araucaria angustifolia",NA,"NeotropicTree"
"AtlSP192","Araucaria angustifolia","Brasil","Cássia dos Coqueiros, floresta semidecídua","São Paulo",-47.0761,-21.2203,"Araucaria angustifolia","NOME_ACEITO","Araucaria angustifolia","NT",NA,NA,"NT",2018,"São Paulo",NA,NA,NA,NA,NA,NA,"Araucaria angustifolia",NA,"NeotropicTree"
"AtlSP194","Araucaria angustifolia","Brasil","Espírito Sando do Pinhal, floresta semidecídua","São Paulo",-46.7172,-22.1708,"Araucaria angustifolia","NOME_ACEITO","Araucaria angustifolia","NT",NA,NA,"NT",2018,"São Paulo",NA,NA,NA,NA,NA,NA,"Araucaria angustifolia",NA,"NeotropicTree"
